Run,PacketsSent,PacketsReceived,PDR,Delay,Throughput
1,8496,5036,59.275,0.056019,744.908
2,8496,5884,69.2561,0.0942424,870.342
3,8496,5627,66.2312,0.0375998,832.327
